ani625,commander
zadocpaet,commander
scarbane,lieutenant
fletch71011,ensign
yellowben,ensign
michaellicious,lieutenant-commander
forthewolfx,lieutenant-junior-grade
kijafa,commander
shy__redhead,lieutenant-commander
straydog1980,lieutenant-commander
-damien-,ensign
errorlessgnome,ensign
jhc1415,lieutenant
_vargas_,rear-admiral
reverend_green1,ensign
keraneuology,lieutenant-junior-grade
supermanv2,admiral
turbie,ensign
ikingjeremy,chief
horse_you_rode_in_on,ensign
thehonestyfish,lieutenant
letdogsvote,ensign
niknik2121,lieutenant-commander
briandawkins,lieutenant-commander
toxicbox,commander
mar10wright,lieutenant-commander
epicnesshunter,lieutenant-junior-grade
theemuts,ensign
sirdigbychkncaesar,ensign
swiftapple,ensign
analbox,lieutenant-commander
noneedforaname,ensign
rawtashk,captain
ares_god_not_sign,lieutenant
theoq99,ensign
preggit,vice-admiral
aschebescher,ensign
dealt-with-it,ensign
lisabadcat,ensign
okmkz,ensign
i_say_your_mom,ensign
poptart2nd,commander
iama_dragon-ama,lieutenant-junior-grade
roboticide,ensign
satanismyhomeboy,lieutenant
death-by-circlejerk,ensign
aabbccatx,commander
the1rgood,vice-admiral
theskabus,ensign
proteon,lieutenant
thebobstu,chief
sellyourcomputer,ensign
xvvhiteboy,ensign
ophilcial,rear-admiral
i_am_a_idiot_ama,lieutenant-commander
stengebt,ensign
strallweat,ensign
supergalactic,commander
butthole_pleasures,lieutenant-commander
mrflaco75,ensign
